<?xml version="1.0" encoding="UTF-8"?>
<PayDocRu xmlns="http://directbank.1c.ru/XMLSchema" 
	xmlns:xs="http://www.w3.org/2001/XMLSchema" 
    xmlns:xsi="http://www.w3.org/2001/XMLSchema-instance" 
    id="05688096-0806-4ef0-af4c-572f75dbaf7c" 
    formatVersion="2.1.1" 
    creationDate="2016-04-22T09:38:51" 
    userAgent="1С - БЭД: 1.3.5.10; БиблиотекаЭлектронныхДокументов: 1.3.5.10">
    <Sender id="id:42;s:9999" name="Торговый дом Комплексный" inn="7705260699" kpp="770501001"/>
    <Recipient bic="044525888" name="ДЕМО-БАНК"/>
	<Data>
        <DocNo>14</DocNo>
        <DocDate>2016-04-22</DocDate>
        <Sum>15</Sum>
        <Payer>
            <Name>Торговый дом "Комплексный"</Name>
            <INN>7705260699</INN>
            <KPP>770501001</KPP>
            <Account>40702810813123123222</Account>
            <Bank>
                <BIC>044525888</BIC>
                <Name>ДЕМО-БАНК</Name>
                <CorrespAcc>30101810500000000219</CorrespAcc>
            </Bank>
        </Payer>
        <Payee>
            <Name>ООО "Канцтовары"</Name>
            <INN>7704596181</INN>
            <KPP>770401001</KPP>
            <Account>40702810401200000035</Account>
            <Bank>
                <BIC>044525999</BIC>
                <Name>ДЕМО-БАНК2</Name>
                <CorrespAcc>30101810200000000593</CorrespAcc>
            </Bank>
        </Payee>
        <TransitionKind>01</TransitionKind>
        <Priority>3</Priority>
        <Purpose>за товар</Purpose>
	</Data>
</PayDocRu>