<?xml version="1.0" encoding="UTF-8"?>
<StatementRequest xmlns="http://directbank.1c.ru/XMLSchema"
	xmlns:xs="http://www.w3.org/2001/XMLSchema"
    xmlns:xsi="http://www.w3.org/2001/XMLSchema-instance"
    id="da06dc8f-afbe-4172-89c8-0d4492c2dd25"
    formatVersion="2.1.1"
    creationDate="2016-04-22T09:52:27"
    userAgent="1С - БЭД: 1.3.5.10; БиблиотекаЭлектронныхДокументов: 1.3.5.10">
	<Sender id="id:42;s:9999" name="Торговый дом Комплексный" inn="7705260699" kpp="770501001"/>
	<Recipient bic="044525888" name="ДЕМО-БАНК"/>
	<Data>
		<StatementType>0</StatementType>
		<DateFrom>2016-04-21T00:00:00</DateFrom>
		<DateTo>2016-04-21T23:59:59</DateTo>
		<Account>40702810500000000001</Account>
		<Bank>
			<BIC>044525888</BIC>
			<Name>ДЕМО-БАНК</Name>
		</Bank>
	</Data>
</StatementRequest>